{
  "model_name": "logistic_calibrated_v1",
  "train_rows": 2474,
  "test_rows": 619,
  "features_count": 97,
  "metrics": {
    "accuracy": 0.6946688206785138,
    "precision": 0.7425474254742548,
    "recall": 0.7445652173913043,
    "f1": 0.7435549525101763,
    "roc_auc": 0.7377230209596397,
    "log_loss": 0.6123899526820754,
    "brier": 0.2113415116361252
  }
}